{
    "SOT" :
    {
    "Ki" : 1.0056364e-3,"Rp" : 5e3,
    "TMR" : 1.2,    "Ms" : 1.2e6,
    "J_she" : 5e11, "a"  : 50e-9,
    "b"  : 50e-9,   "tf" : 1.1e-9,
    "alpha" :0.03,  "eta" : 0.3,
    "d"  : 3e-9,    "tox" : 5e-9,
    "t_pulse" : 10e-9, "t_relax" : 15e-9,
    "Hy": 0, "T" : 300, "RA" : 9.818e-12
    },

    "SWRITE":
    {
        "UTA":
        {
        "K_295" : 1.0056364e-3,"Rp" : 5e3,
        "TMR": 1.2,         "Ms_295" : 1.2e6,
        "J_reset": 5e11,    "H_reset": 0,
        "a"  : 50e-9,       "b"  : 50e-9,
        "tf" : 1.1e-9,      "alpha" :0.03,
        "eta" : 0.3,        "d"  : 3e-9,
        "t_pulse" : 1e-9,   "tox" : 5e-9,
        "t_relax" : 10e-9,  "t_reset" : 10e-9,
        "T" : 300,          "RA" : 9.818e-12
        },

        "NYU":
        {
        "K_295" : 1.145e-3,"Rp" : 2530,
         "TMR": 1.24,        "Ms_295" : 163000,
         "J_reset": 5e11,    "H_reset": 0,
         "a"  : 40e-9,       "b"  : 40e-9,
         "tf" : 2.6e-9,      "alpha" :0.016,
         "eta" : 0.3,        "d"  : 3e-9,
         "t_pulse" : 1e-9,   "tox" : 1e-9,
         "t_relax" : 10e-9,  "t_reset" : 10e-9,
         "T" : 300,          "RA" : 3.18e-12
        }

    },

    "VCMA":
    {"Ki" : 1.0056364e-3,"Rp" : 5e3,
    "TMR" : 1.2,    "Ms" : 1.2e6,
    "v_pulse" : 1.5, "a"  : 50e-9,
    "b"  : 50e-9,   "tf" : 1.1e-9,
    "alpha" :0.03,  "eta" : 0.3,
    "d"  : 3e-9, "tox" : 5e-9,
    "t_pulse" : 30e-9, "t_relax" : 30e-9,
    "T" : 300, "RA" : 9.818e-12
    }
}
